pkeep,average_paoi
0.000000,0.308900