pkeep,average_aoi
0.000000,0.817582