pkeep,average_clr
0.000000,0.056171