pkeep,average_plr
0.000000,0.654361